Group,Attack Method,K,PSNR (dB),SSIM,LPIPS,Avg L0,Avg L2,Avg L_inf,Avg Iterations
Group C,FGSM,,30.13,0.8388,,1021.04,1.7262,0.0314,1.0
Group C,BIM,,43.2,0.9673,,865.03,0.6442,0.0175,2.5
Group C,PGD,,34.23,0.9241,,1022.78,1.0785,0.0314,2.45
Group C,SFA,,36.41,0.8714,,823.6,1.5357,0.0618,4.25
Group A,JSMA,1.0,42.36,0.994,,0.92,0.7918,0.5191,22.19
Group A,JSMA,2.0,38.88,0.9884,,1.81,1.1346,0.5832,21.75
Group A,JSMA,4.0,35.6,0.9779,,3.55,1.5957,0.6429,20.78
Group A,JSMA,8.0,32.47,0.9587,,6.86,2.2235,0.6963,19.74
Group A,JSMA,16.0,29.88,0.9263,,12.95,3.0302,0.7352,18.72
Group A,JSMA,32.0,28.31,0.8982,,18.98,3.614,0.7575,18.44
Group A,JSMA,64.0,28.31,0.8982,,18.98,3.614,0.7575,18.44
Group A,JSMA,128.0,28.31,0.8982,,18.98,3.614,0.7575,18.44
Group A,OnePixel,1.0,44.17,0.996,,0.92,0.5935,0.4763,0.92
Group A,OnePixel,2.0,41.12,0.9926,,1.84,0.8315,0.5596,0.92
Group A,OnePixel,4.0,37.91,0.9851,,3.69,1.2153,0.6403,0.92
Group A,OnePixel,8.0,35.11,0.9711,,7.35,1.7116,0.6979,0.92
Group A,OnePixel,16.0,32.38,0.9443,,14.64,2.3955,0.7421,0.92
Group A,OnePixel,32.0,29.51,0.8923,,29.08,3.4198,0.779,0.92
Group A,OnePixel,64.0,26.83,0.8029,,57.28,4.7734,0.8054,0.92
Group A,OnePixel,128.0,24.16,0.6638,,110.98,6.6643,0.826,0.92
Group A,CornerSearch,1.0,41.14,0.9935,,0.92,0.8758,0.5671,0.92
Group A,CornerSearch,2.0,38.07,0.9877,,1.79,1.2337,0.6434,1.79
Group A,CornerSearch,4.0,35.35,0.9772,,3.38,1.7019,0.703,3.39
Group A,CornerSearch,8.0,33.25,0.9602,,6.13,2.2391,0.7385,6.16
Group A,CornerSearch,16.0,31.63,0.9362,,10.3,2.8129,0.7622,10.62
Group A,CornerSearch,32.0,31.24,0.9278,,11.86,2.9827,0.7675,12.45
Group A,CornerSearch,64.0,31.24,0.9278,,11.86,2.9827,0.7675,12.45
Group A,CornerSearch,128.0,31.24,0.9278,,11.86,2.9827,0.7675,12.45
Group A,SAIF,1.0,54.25,0.9972,,8.25,0.1778,0.069,20.92
Group A,SAIF,2.0,51.5,0.9948,,14.16,0.2481,0.0881,19.59
Group A,SAIF,4.0,49.4,0.991,,24.34,0.3287,0.0994,17.97
Group A,SAIF,8.0,48.08,0.9868,,40.12,0.3958,0.1009,15.03
Group A,SAIF,16.0,47.28,0.983,,62.02,0.444,0.0966,11.22
Group A,SAIF,32.0,46.66,0.9801,,90.67,0.4726,0.0826,7.56
Group A,SAIF,64.0,45.8,0.9762,,136.66,0.5093,0.067,5.09
Group A,SAIF,128.0,44.6,0.9708,,214.75,0.5681,0.0531,3.69
Group A,PGD0,1.0,52.83,0.9982,,1.44,0.3017,0.2144,22.48
Group A,PGD0,2.0,48.5,0.9962,,2.8,0.4556,0.2603,21.95
Group A,PGD0,4.0,45.47,0.9928,,7.19,0.5963,0.2785,21.23
Group A,PGD0,8.0,43.2,0.987,,14.25,0.7665,0.276,19.73
Group A,PGD0,16.0,41.6,0.9793,,26.04,0.9113,0.2603,17.95
Group A,PGD0,32.0,40.7,0.9686,,51.37,1.009,0.2182,14.69
Group A,PGD0,64.0,40.36,0.9552,,137.8,1.0282,0.1454,9.55
Group A,PGD0,128.0,40.06,0.9412,,350.56,0.9936,0.0693,4.46
Group A,Sparse-PGD,1.0,52.83,0.9982,,1.44,0.3017,0.2144,22.48
Group A,Sparse-PGD,2.0,48.5,0.9962,,2.8,0.4556,0.2603,21.95
Group A,Sparse-PGD,4.0,45.47,0.9928,,7.19,0.5963,0.2785,21.23
Group A,Sparse-PGD,8.0,43.2,0.987,,14.25,0.7665,0.276,19.73
Group A,Sparse-PGD,16.0,41.6,0.9793,,26.04,0.9113,0.2603,17.95
Group A,Sparse-PGD,32.0,40.7,0.9686,,51.37,1.009,0.2182,14.69
Group A,Sparse-PGD,64.0,40.36,0.9552,,137.8,1.0282,0.1454,9.55
Group A,Sparse-PGD,128.0,40.06,0.9412,,350.56,0.9936,0.0693,4.46
Group A,Sparse-RS,1.0,66.02,0.9997,,5.67,0.0551,0.0134,22.96
Group A,Sparse-RS,2.0,63.41,0.9993,,11.87,0.0797,0.0144,22.89
Group A,Sparse-RS,4.0,60.41,0.9985,,24.58,0.1161,0.0176,22.75
Group A,Sparse-RS,8.0,57.86,0.9971,,48.42,0.1646,0.0213,22.66
Group A,Sparse-RS,16.0,55.29,0.994,,96.29,0.2379,0.0257,22.49
Group A,Sparse-RS,32.0,52.24,0.9888,,173.41,0.333,0.0317,22.12
Group A,Sparse-RS,64.0,51.26,0.9799,,283.57,0.4478,0.0373,21.7
Group A,Sparse-RS,128.0,47.65,0.9634,,451.85,0.6406,0.0476,21.09
Group A,BruSLe,1.0,67.37,0.9997,,5.48,0.0532,0.0129,22.92
Group A,BruSLe,2.0,66.61,0.9997,,5.62,0.0544,0.0132,22.92
Group A,BruSLe,4.0,60.6,0.9986,,22.89,0.1125,0.016,22.79
Group A,BruSLe,8.0,60.48,0.9986,,23.77,0.1145,0.0161,22.77
Group A,BruSLe,16.0,55.39,0.9944,,90.76,0.2331,0.023,22.37
Group A,BruSLe,32.0,53.38,0.9915,,133.91,0.2913,0.0268,22.17
Group A,BruSLe,64.0,49.97,0.9804,,276.62,0.4732,0.0379,21.25
Group A,BruSLe,128.0,49.33,0.9685,,373.98,0.6236,0.0487,20.55
Group A,IPFSA,1.0,55.01,0.9977,,13.66,0.1499,0.0469,20.64
Group A,IPFSA,2.0,52.91,0.996,,24.35,0.1974,0.0527,19.32
Group A,IPFSA,4.0,50.99,0.9932,,41.82,0.2571,0.0574,17.29
Group A,IPFSA,8.0,49.54,0.9896,,65.52,0.3153,0.0607,13.97
Group A,IPFSA,16.0,48.48,0.9861,,92.23,0.3655,0.0613,10.2
Group A,IPFSA,32.0,47.55,0.9828,,123.53,0.4061,0.0559,6.84
Group A,IPFSA,64.0,46.36,0.9784,,172.91,0.4612,0.0496,4.7
Group A,IPFSA,128.0,44.86,0.972,,255.22,0.5417,0.0442,3.42
Group A,GradientGuidance,1.0,55.82,0.9982,,11.72,0.1413,0.0467,20.26
Group A,GradientGuidance,2.0,54.07,0.9971,,18.72,0.1776,0.0522,18.44
Group A,GradientGuidance,4.0,52.22,0.9953,,29.62,0.2232,0.058,15.28
Group A,GradientGuidance,8.0,50.91,0.9933,,43.38,0.2638,0.0593,11.32
Group A,GradientGuidance,16.0,50.19,0.9916,,58.64,0.2892,0.0556,7.17
Group A,GradientGuidance,32.0,49.37,0.9899,,80.16,0.3151,0.0482,4.33
Group A,GradientGuidance,64.0,48.27,0.9876,,116.87,0.3523,0.038,2.77
Group A,GradientGuidance,128.0,46.8,0.9836,,180.82,0.4144,0.0298,1.96
Group A,CPA,1.0,55.13,0.9977,,13.49,0.1482,0.0467,20.69
Group A,CPA,2.0,52.91,0.996,,24.24,0.1974,0.0525,19.45
Group A,CPA,4.0,51.08,0.9933,,41.46,0.2532,0.0571,17.48
Group A,CPA,8.0,49.65,0.99,,65.21,0.3096,0.0594,14.38
Group A,CPA,16.0,48.47,0.9859,,94.55,0.3638,0.0593,10.71
Group A,CPA,32.0,47.5,0.9826,,125.5,0.4074,0.0563,7.08
Group A,CPA,64.0,46.34,0.9783,,173.74,0.4608,0.0502,4.83
Group A,CPA,128.0,44.83,0.9719,,253.5,0.5418,0.0439,3.43
Group A,FCSA,1.0,54.97,0.9977,,13.49,0.1508,0.0474,20.64
Group A,FCSA,2.0,52.74,0.9959,,23.93,0.2024,0.0553,19.19
Group A,FCSA,4.0,50.86,0.9932,,41.69,0.2619,0.0605,17.07
Group A,FCSA,8.0,49.47,0.9897,,64.18,0.319,0.0633,13.92
Group A,FCSA,16.0,48.43,0.986,,91.32,0.3684,0.0627,10.22
Group A,FCSA,32.0,47.51,0.9827,,123.02,0.41,0.0583,6.92
Group A,FCSA,64.0,46.37,0.9788,,171.59,0.4602,0.0504,4.68
Group A,FCSA,128.0,44.93,0.9732,,251.07,0.5358,0.0437,3.33
Group A,FMSA-budgeted,1.0,55.43,0.9981,,13.86,0.1431,0.0441,22.81
Group A,FMSA-budgeted,2.0,53.09,0.9965,,24.77,0.1914,0.0497,22.78
Group A,FMSA-budgeted,4.0,50.13,0.9932,,46.36,0.27,0.0605,22.71
Group A,FMSA-budgeted,8.0,47.35,0.9873,,84.99,0.3769,0.07,22.71
Group A,FMSA-budgeted,16.0,44.49,0.9759,,152.92,0.5353,0.0848,22.55
Group A,FMSA-budgeted,32.0,42.05,0.9584,,252.4,0.7274,0.0958,21.38
Group A,FMSA-budgeted,64.0,40.26,0.9365,,366.31,0.9275,0.101,17.63
Group A,FMSA-budgeted,128.0,39.7,0.926,,449.08,1.0188,0.0944,11.17
Group A,HSA-budgeted,1.0,55.12,0.9977,,13.23,0.1487,0.047,20.67
Group A,HSA-budgeted,2.0,53.0,0.996,,23.88,0.1956,0.0526,19.51
Group A,HSA-budgeted,4.0,51.21,0.9936,,41.29,0.2483,0.0556,17.84
Group A,HSA-budgeted,8.0,49.73,0.9901,,66.28,0.3039,0.0572,15.13
Group A,HSA-budgeted,16.0,48.46,0.986,,95.86,0.3598,0.0587,11.66
Group A,HSA-budgeted,32.0,47.36,0.9821,,129.76,0.4111,0.057,7.87
Group A,HSA-budgeted,64.0,46.14,0.9774,,177.83,0.4706,0.0527,5.34
Group A,HSA-budgeted,128.0,44.68,0.9711,,254.42,0.554,0.047,3.71
Group B,SparseFool,1.0,,,,297.9,0.4065,0.0196,1.68
Group B,SparseFool,2.0,,,,297.9,0.4065,0.0196,1.68
Group B,SparseFool,4.0,,,,297.9,0.4065,0.0196,1.68
Group B,SparseFool,8.0,,,,297.9,0.4065,0.0196,1.68
Group B,SparseFool,16.0,,,,297.9,0.4065,0.0196,1.68
Group B,SparseFool,32.0,,,,297.9,0.4065,0.0196,1.68
Group B,SparseFool,64.0,,,,297.9,0.4065,0.0196,1.68
Group B,SparseFool,128.0,,,,297.9,0.4065,0.0196,1.68
Group B,SigmaZero,1.0,,,,82.38,0.4939,0.0907,11.59
Group B,SigmaZero,2.0,,,,82.38,0.4939,0.0907,11.59
Group B,SigmaZero,4.0,,,,82.38,0.4939,0.0907,11.59
Group B,SigmaZero,8.0,,,,82.38,0.4939,0.0907,11.59
Group B,SigmaZero,16.0,,,,82.38,0.4939,0.0907,11.59
Group B,SigmaZero,32.0,,,,82.38,0.4939,0.0907,11.59
Group B,SigmaZero,64.0,,,,82.38,0.4939,0.0907,11.59
Group B,SigmaZero,128.0,,,,82.38,0.4939,0.0907,11.59
Group B,Homotopy,1.0,,,,93.46,0.1688,0.0098,28.96
Group B,Homotopy,2.0,,,,93.46,0.1688,0.0098,28.96
Group B,Homotopy,4.0,,,,93.46,0.1688,0.0098,28.96
Group B,Homotopy,8.0,,,,93.46,0.1688,0.0098,28.96
Group B,Homotopy,16.0,,,,93.46,0.1688,0.0098,28.96
Group B,Homotopy,32.0,,,,93.46,0.1688,0.0098,28.96
Group B,Homotopy,64.0,,,,93.46,0.1688,0.0098,28.96
Group B,Homotopy,128.0,,,,93.46,0.1688,0.0098,28.96
Group B,GSE,1.0,,,,395.1,0.6952,0.0427,3.01
Group B,GSE,2.0,,,,395.1,0.6952,0.0427,3.01
Group B,GSE,4.0,,,,395.1,0.6952,0.0427,3.01
Group B,GSE,8.0,,,,395.1,0.6952,0.0427,3.01
Group B,GSE,16.0,,,,395.1,0.6952,0.0427,3.01
Group B,GSE,32.0,,,,395.1,0.6952,0.0427,3.01
Group B,GSE,64.0,,,,395.1,0.6952,0.0427,3.01
Group B,GSE,128.0,,,,395.1,0.6952,0.0427,3.01
Group B,Pixle,1.0,,,,76.99,5.2129,0.7798,10.93
Group B,Pixle,2.0,,,,76.99,5.2129,0.7798,10.93
Group B,Pixle,4.0,,,,76.99,5.2129,0.7798,10.93
Group B,Pixle,8.0,,,,76.99,5.2129,0.7798,10.93
Group B,Pixle,16.0,,,,76.99,5.2129,0.7798,10.93
Group B,Pixle,32.0,,,,76.99,5.2129,0.7798,10.93
Group B,Pixle,64.0,,,,76.99,5.2129,0.7798,10.93
Group B,Pixle,128.0,,,,76.99,5.2129,0.7798,10.93
Group B,FMSA-minimal-support,1.0,,,,544.59,1.1338,0.0886,7.41
Group B,FMSA-minimal-support,2.0,,,,544.59,1.1338,0.0886,7.41
Group B,FMSA-minimal-support,4.0,,,,544.59,1.1338,0.0886,7.41
Group B,FMSA-minimal-support,8.0,,,,544.59,1.1338,0.0886,7.41
Group B,FMSA-minimal-support,16.0,,,,544.59,1.1338,0.0886,7.41
Group B,FMSA-minimal-support,32.0,,,,544.59,1.1338,0.0886,7.41
Group B,FMSA-minimal-support,64.0,,,,544.59,1.1338,0.0886,7.41
Group B,FMSA-minimal-support,128.0,,,,544.59,1.1338,0.0886,7.41
